Car Conundrum,Plot twist: It was a Manual,car.jpg,Nick Laity,,
Pi Day,3.1415926535 8979323846 2643383279 5028841971 6939937510 5820974944 5923078164 0628620899 8628034825 3421170679,piday.jpg,Nick Laity,,
Fish Miss,"Yes, but how did... never mind.",fishmiss.jpg,Nick Laity,,
Silly Skateboard,AAAAAAAAAAAAAAAAAAAAAA,skateboard.jpg,Nick Laity,,
Staring Contest Mess,Redo! I wasn't ready!,staringcontest.jpg,Sam Laity,,
Silly Slip,RIP 24 Army Dudes,sillyslip.jpg,Nick Laity,,
Diary of an Army Dude(s),"Sorry, no, it's not 1am... It's 11pm.",diaryofarmydude.jpg,Sam Laity,,
Silly Stik's (bad) guide to Christmas,"Silly Stik: 'Oh, you're right, the calendar is wrong. It should be March the 12th.'",badguidetochristmas.jpg,Nick Laity,,
Where did my frisbee go?,"Well, I can't find my frisbee, but I did find this cool bird!",wheredidmyfrisbeego.jpg,Sam Laity,,
Plain Plane,*car drives into lake* 'We need a boat!',plainplane.jpg,Sam Laity,,
I hate facts!,Did you know... that most toilets flush in E flat?,ihatefacts.jpg,Sam Laity,,
On-your-mattress-pee-ah,Spell deoxyribonucleic. 'No',onyourmattresspeeah.jpg,Nick Laity,,
Silly Spelling/Annoying Abbreviation,SPECIAL GUEST AUTHOR COMIC ALERT!,sillyspelling.jpg,Jack R,,
Boring Bikes,"Wait, why is there an analogue clock in the car?",boringbikes.jpg,Nick Laity,,
Page Problems,*Translated: Why don't you help? **Translated: Done!,pageproblems.jpg,Nick Laity,,
Pen-line figure,Circle 4000: 'I don't have such weaknesses',penlinefigure.jpg,Nick Laity,,
A fantastic comic,Maybe they'll be here tomorrow?,fantasticcomic.jpg,Nick Laity,,   
Bored,*yawn*,bored.jpg,Nick Laity,,
Bored II,We need some less boring comics.,bored2.jpg,Sam Laity,,
A Corny Comic,pop pop Pop Pop POP POP POP,cornycomic.jpg,Nick Laity,,
Minicomic,This comic has the best plot of them all,minicomic.jpg,Nick Laity,,
How a Comic is made,This makes more sense if you have the original copy.,howacomicismade.jpg,Nick Laity,,
Fish Miss Redux (Silly Stik Reads the Stik Folder),How can they breathe? That is a good question. I don't have a good answer.,fishmissredux.jpg,Nick Laity,,
April Fools' Joke,Ice-cream is more important that seeing your cousin be surprised,aprilfoolsjoke.jpg,Nick Laity,,
April Fools' Joke (Behind the Scenes),desirprus eb nisuoc ruoy gniees taht tnatropmi erom si maerc-ecI,aprilfoolsjokebehind.jpg,Sam Laity,,
The Lees,Because Lee can be a last name...?,lee.jpg,Nick and Sam Laity,,
Folder: Mach II,This doesn't make sense unless you know how the original comics are stored; in folders.,folder2.jpg,Nick Laity,,
The Stik Family,"Rumour was, Silly Stik descended from a king. We disproved that; he actually descended from a joker.",stikfamily.jpg,Sam Laity,,
Silly Stik Recycles,Rapaperzel! Let down your toilet paper!,recycle.jpg,Sam Laity,,
Crossword,"Should you interpret that as Smart Stik being smart, or Silly Stik being dumb?",crossword.jpg,Sam Laity,,
Miniminicomic,This plot is possibly even better than Minicomic!,miniminicomic.jpg,Sam Laity,,
Ordinary Day,"Well, it's ordinary for an actor",ordinaryday.jpg,Sam Laity,,
Uh-huh,Do you like this comic? 'Uh-huh',uhhuh.jpg,Nick Laity,,
Classic: Silly Skateboard,Basically a redrawing of Silly Skateboard (#4),classic-skateboard.jpg,Sam Laity,,
Young Stik: Crosses and Crosses,"Ah yes, the most complex game in the world",crosses-crosses.jpg,Nick Laity,,
Paperclip (of doom),DOOOOOOOOOOOOOOOOOOOOOOOOM,paperbendy.jpg,Sam Laity,,
Fire Safety,Don't try this at home. Or ever.,firesafety.jpg,Nick Laity,,
Alberta,Alberta!?,alberta.jpg,Sam Laity,,
Miniminimicrominicomic,"THE BEST PLOT- ok, that joke's old",minimicrocomic.jpg,Nick Laity,,
Literally 1: Here comes the aeroplane,What do we want? Low flying aeroplane noises! When do we want them? NEEEEEEAAAAAAAWWWWW!,literally1.jpg,Nick Laity,,
Literally 2: Smile for the birdie,Say 'cheese'!,literally2.jpg,Nick Laity,,
Tricky Sticche,"Ah, an arbitrary character who probably won't show up again? Sure!",trickysticche.jpg,Nick Laity,,
Flying with the Clothesline,Sightings of a person clinging to a clothesline in the stratosphere have been reported by multiple pilots.,flyingwiththeclothesline.jpg,Sam Laity,,
Silly Stik in Space!,Wake up! WAKE UP! We're landing on Uranus in 30 minutes!,space.jpg,Sam Laity,,
The Whistle-off,[whistle.mp3],whistleoff.jpg,Nick and Sam Laity,,
:),PLEASE NOTE THE (2018) IN PANEL 7,darkmatter.jpg,Nick Laity,,
We are the ChampLons,IiLl,champlons.jpg,Nick and Sam Laity,,
Scientific Discovery,Just think of the first four panels as Animal Crossing,scientificdiscovery.jpg,Nick and Sam Laity,,
